<?xml version="1.0" encoding="UTF-8"?>
<mule xmlns="http://www.mulesoft.org/schema/mule/core" xmlns:xsi="http://www.w3.org/2001/XMLSchema-instance"
	xmlns:spring="http://www.springframework.org/schema/beans" xmlns:file="http://www.mulesoft.org/schema/mule/file"
	xmlns:http="http://www.mulesoft.org/schema/mule/http" xmlns:jdbc="http://www.mulesoft.org/schema/mule/jdbc"
	xmlns:jms="http://www.mulesoft.org/schema/mule/jms" xmlns:vm="http://www.mulesoft.org/schema/mule/vm"
	xmlns:cxf="http://www.mulesoft.org/schema/mule/cxf" xmlns:script="http://www.mulesoft.org/schema/mule/scripting"
	xmlns:mule-xml="http://www.mulesoft.org/schema/mule/xml" xmlns:client="http://www.mulesoft.org/schema/mule/client"
	xmlns:sfdc="http://www.mulesoft.org/schema/mule/sfdc"
	xmlns:intacct="http://repository.mulesoft.org/releases/org/mule/modules/mule-module-intacct"
	xmlns:context="http://www.springframework.org/schema/context"
	xmlns:smtp="http://www.mulesoft.org/schema/mule/smtp"
	xsi:schemaLocation="
        http://www.mulesoft.org/schema/mule/core http://www.mulesoft.org/schema/mule/core/3.2/mule.xsd
        http://www.mulesoft.org/schema/mule/file http://www.mulesoft.org/schema/mule/file/3.2/mule-file.xsd
        http://www.mulesoft.org/schema/mule/http http://www.mulesoft.org/schema/mule/http/3.2/mule-http.xsd
        http://www.mulesoft.org/schema/mule/jdbc http://www.mulesoft.org/schema/mule/jdbc/3.2/mule-jdbc.xsd
        http://www.mulesoft.org/schema/mule/jms http://www.mulesoft.org/schema/mule/jms/3.2/mule-jms.xsd
        http://www.mulesoft.org/schema/mule/vm http://www.mulesoft.org/schema/mule/vm/3.2/mule-vm.xsd
        http://www.mulesoft.org/schema/mule/cxf http://www.mulesoft.org/schema/mule/cxf/3.2/mule-cxf.xsd
        http://www.mulesoft.org/schema/mule/scripting http://www.mulesoft.org/schema/mule/scripting/3.2/mule-scripting.xsd
        http://www.mulesoft.org/schema/mule/xml http://www.mulesoft.org/schema/mule/xml/3.2/mule-xml.xsd
        http://www.mulesoft.org/schema/mule/client http://www.mulesoft.org/schema/mule/client/3.2/mule-client.xsd
        http://www.springframework.org/schema/beans http://www.springframework.org/schema/beans/spring-beans-3.0.xsd
        http://www.mulesoft.org/schema/mule/sfdc http://www.mulesoft.org/schema/mule/sfdc/4.0/mule-sfdc.xsd
        http://repository.mulesoft.org/releases/org/mule/modules/mule-module-intacct http://repository.mulesoft.org/releases/org/mule/modules/mule-module-intacct/2.1-SNAPSHOT/mule-intacct.xsd
        http://www.springframework.org/schema/context http://www.springframework.org/schema/context/spring-context-3.0.xsd
        http://www.mulesoft.org/schema/mule/smtp http://www.mulesoft.org/schema/mule/smtp/3.2/mule-smtp.xsd">

	<description>
		SFDC to Intacct Won Opportunity -> Invoice integration for internal
		consumption
	</description>

	<context:property-placeholder location="login.properties" />

	<sfdc:config name="salesforce" username="${sfdc.username}" 
		password="${sfdc.password}${sfdc.securityToken}"
		url="https://test.salesforce.com/services/Soap/u/21.0" />


	<intacct:config senderId="${intacct.senderId}" controlPassword="${intacct.controlPassword}" controlid="${intacct.controlid}" uniqueid="${intacct.uniqueid}" userid="${intacct.userid}"
		userPassword="${intacct.userPassword}" companyid="${intacct.companyid}" />

	<vm:endpoint name="opportunity" path="opportunitynew"
		exchange-pattern="one-way" />
	<vm:endpoint name="bridge" path="bridge" exchange-pattern="one-way" />
	<vm:endpoint name="customer" path="create-customer"
		exchange-pattern="request-response" />


	<vm:endpoint name="invoice" path="intacctinvoice"
		exchange-pattern="one-way" />


	<smtp:gmail-connector name="email" />

	<flow name="SFOutboundTrigger">
		<http:inbound-endpoint host="localhost" port="${http.port}"
			path="closed/opportunity" exchange-pattern="request-response">
			<cxf:jaxws-service
				serviceClass="com.mulesoft.salesforce.outbound.generated.NotificationPort" />
		</http:inbound-endpoint>

		<component class="com.mulesoft.salesforce.outbound.dev.OpportunityTrigger" />
		<logger message="payload is: #[mule:message.id]" level="INFO" />


		<outbound-endpoint ref="opportunity"
			exchange-pattern="one-way" />
		<logger message="response is: #[payload]" level="INFO" />
		<expression-transformer>
			<return-argument evaluator="groovy" expression="true" />
		</expression-transformer>

		<default-exception-strategy>
			<flow-ref name="NotifcationOfError" />
		</default-exception-strategy>

	</flow>

	<!-- SFDC Account Check Flow -->
	<flow name="sync-async-sync">
		<inbound-endpoint ref="opportunity" exchange-pattern="one-way" />
		<logger message="before splitter = #[payload]" level="ERROR" />
		<collection-splitter />
		<logger message="payload.id = #[payload]" level="INFO" />
		<message-properties-transformer scope="session">
			<add-message-property key="opportunity"
				value="#[groovy:return payload.sObject.getId()]" />
			<add-message-property key="account"
				value="#[groovy:return payload.sObject.getAccountId().getValue()]" />
		</message-properties-transformer>
		<enricher>
			<sfdc:query-single
				query="SELECT AccountNumber FROM Account WHERE Id='#[header:session:account]'" />
			<enrich target="#[variable:accountnumber]" source="#[groovy:payload['AccountNumber']]" />
		</enricher>

		<choice>
			<when evaluator="variable" expression="accountnumber=">
				<expression-transformer>
					<return-argument evaluator="header" expression="session:account" />
				</expression-transformer>
				<outbound-endpoint ref="customer" />
			</when>
			<otherwise>
				<logger message="Customer already exists" level="ERROR" />
			</otherwise>
		</choice>

		<logger message="opportunity = #[header:session:opportunity]"
			level="ERROR" />
		<expression-transformer>
			<return-argument evaluator="header" expression="session:opportunity" />
		</expression-transformer>

<!-- 
		<outbound-endpoint ref="bridge" exchange-pattern="one-way" />
-->

		<default-exception-strategy>
			<flow-ref name="NotifcationOfError" />
		</default-exception-strategy>

	</flow>




	<flow name="createcustomer">
		<inbound-endpoint ref="customer" />
		<object-to-string-transformer />

		<message-properties-transformer>
			<add-message-property key="account" value="#[payload:]" />
		</message-properties-transformer>

		<sfdc:query-single
			query="SELECT Id, Name, BillingStreet, BillingCity, BillingPostalCode, BillingState, BillingCountry, Intacct_Seed_Number__c FROM Account WHERE Id='#[payload]'" />

<!-- 
		<expression-transformer>
			<return-argument evaluator="groovy" expression="payload.first()" />
		</expression-transformer>
-->

        <message-properties-transformer scope="outbound">
         	<add-message-property key="intacctaccountid" value="#[string:#[map-payload:Intacct_Seed_Number__c]--#[map-payload:Name]]"/>
        </message-properties-transformer>

		<logger message="Customer Name = #[map-payload:Name] " level="ERROR" />
		<logger message="Account ID = #[header:account] " level="ERROR" />
		<logger message="Account Number = #[header:outbound:intacctaccountid] " level="ERROR" />


		<intacct:function controlid="#[string:invoice- #[mule:message.id]]">
			<intacct:create-customer>

				<intacct:customerid>#[map-payload:Intacct_Seed_Number__c]</intacct:customerid>

				<intacct:name>#[map-payload:Name]</intacct:name>
				<intacct:deliveryoptions>
					<intacct:deliveryoption>Print</intacct:deliveryoption>
				</intacct:deliveryoptions>
				<intacct:status>active</intacct:status>
				<intacct:contactinfo>
					<intacct:contact>
						<intacct:contactname>#[map-payload:Name]</intacct:contactname>
						<intacct:printas>#[map-payload:Name]</intacct:printas>
						<intacct:companyname>#[map-payload:Name]</intacct:companyname>
						<intacct:mailaddress>
							<intacct:address1>#[map-payload:BillingStreet]</intacct:address1>
							<intacct:city>#[map-payload:BillingCity]</intacct:city>
							<intacct:state>#[map-payload:BillingState]</intacct:state>
							<intacct:zip>#[map-payload:BillingPostalCode]</intacct:zip>
							<intacct:country>#[map-payload:BillingCountry]</intacct:country>
						</intacct:mailaddress>
					</intacct:contact>
				</intacct:contactinfo>
			</intacct:create-customer>
		</intacct:function>
		<transformer ref="jaxbit" />

		<logger message="Response from intacct = #[payload] " level="ERROR" />
		<sfdc:update type="Account">
			<sfdc:sObject>
				<sfdc:field key="Id" value="#[header:outbound:account]" />
				<sfdc:field key="AccountNumber" value="#[header:outbound:intacctaccountid]" />
			</sfdc:sObject>
		</sfdc:update>
		<default-exception-strategy>
			<flow-ref name="NotifcationOfError" />
		</default-exception-strategy>

	</flow>

	<flow name="NotifcationOfError">
		<object-to-string-transformer />
		<smtp:outbound-endpoint host="smtp.gmail.com"
			port="587" user="${gmail.user}" password="${gmail.password}" from="${gmail.user}"
			to="${gmail.to.email}" subject="Sales Force Intacct Exception"
			connector-ref="email" />

	</flow>

	<script:transformer name="jaxbit">
		<script:script engine="groovy">
			<![CDATA[
				import javax.xml.bind.*
				import javax.xml.namespace.QName
				println 'In groovy transformer Intacct'
				JAXBContext context = JAXBContext.newInstance(payload.class);
				StringWriter sw = new StringWriter();
				context.createMarshaller().marshal(new JAXBElement(new QName("response"),payload.class,payload),sw)
				return sw.toString()
				]]>
		</script:script>
	</script:transformer>

<!-- 
	<spring:beans>
		<spring:import resource="mule-sfdc-intacct-mapping.xml" />
	</spring:beans>
-->

</mule>
