<?xml version="1.0" encoding="UTF-8"?>
<mule xmlns="http://www.mulesoft.org/schema/mule/core" xmlns:xsi="http://www.w3.org/2001/XMLSchema-instance"
	xmlns:spring="http://www.springframework.org/schema/beans" xmlns:file="http://www.mulesoft.org/schema/mule/file"
	xmlns:http="http://www.mulesoft.org/schema/mule/http" xmlns:jdbc="http://www.mulesoft.org/schema/mule/jdbc"
	xmlns:jms="http://www.mulesoft.org/schema/mule/jms" xmlns:vm="http://www.mulesoft.org/schema/mule/vm"
	xmlns:cxf="http://www.mulesoft.org/schema/mule/cxf" xmlns:script="http://www.mulesoft.org/schema/mule/scripting"
	xmlns:mule-xml="http://www.mulesoft.org/schema/mule/xml" xmlns:client="http://www.mulesoft.org/schema/mule/client"
	xmlns:sfdc="http://www.mulesoft.org/schema/mule/sfdc"
	xmlns:intacct="http://repository.mulesoft.org/releases/org/mule/modules/mule-module-intacct"
	xmlns:context="http://www.springframework.org/schema/context"
	xmlns:smtp="http://www.mulesoft.org/schema/mule/smtp"
	xsi:schemaLocation="
        http://www.mulesoft.org/schema/mule/core http://www.mulesoft.org/schema/mule/core/3.2/mule.xsd
        http://www.mulesoft.org/schema/mule/file http://www.mulesoft.org/schema/mule/file/3.2/mule-file.xsd
        http://www.mulesoft.org/schema/mule/http http://www.mulesoft.org/schema/mule/http/3.2/mule-http.xsd
        http://www.mulesoft.org/schema/mule/jdbc http://www.mulesoft.org/schema/mule/jdbc/3.2/mule-jdbc.xsd
        http://www.mulesoft.org/schema/mule/jms http://www.mulesoft.org/schema/mule/jms/3.2/mule-jms.xsd
        http://www.mulesoft.org/schema/mule/vm http://www.mulesoft.org/schema/mule/vm/3.2/mule-vm.xsd
        http://www.mulesoft.org/schema/mule/cxf http://www.mulesoft.org/schema/mule/cxf/3.2/mule-cxf.xsd
        http://www.mulesoft.org/schema/mule/scripting http://www.mulesoft.org/schema/mule/scripting/3.2/mule-scripting.xsd
        http://www.mulesoft.org/schema/mule/xml http://www.mulesoft.org/schema/mule/xml/3.2/mule-xml.xsd
        http://www.mulesoft.org/schema/mule/client http://www.mulesoft.org/schema/mule/client/3.2/mule-client.xsd
        http://www.springframework.org/schema/beans http://www.springframework.org/schema/beans/spring-beans-3.0.xsd
        http://www.mulesoft.org/schema/mule/sfdc http://www.mulesoft.org/schema/mule/sfdc/4.0/mule-sfdc.xsd
        http://repository.mulesoft.org/releases/org/mule/modules/mule-module-intacct http://repository.mulesoft.org/releases/org/mule/modules/mule-module-intacct/2.1-SNAPSHOT/mule-intacct.xsd
        http://www.springframework.org/schema/context http://www.springframework.org/schema/context/spring-context-3.0.xsd
        http://www.mulesoft.org/schema/mule/smtp http://www.mulesoft.org/schema/mule/smtp/3.2/mule-smtp.xsd">

	<description>
		SFDC to Intacct Won Opportunity -> Mapping related config
	</description>


	<script:transformer name="jaxbit">
		<script:script engine="groovy">
			<![CDATA[
				import javax.xml.bind.*
				import javax.xml.namespace.QName
				println 'In groovy transformer Intacct'
				JAXBContext context = JAXBContext.newInstance(payload.class);
				StringWriter sw = new StringWriter();
				context.createMarshaller().marshal(new JAXBElement(new QName("response"),payload.class,payload),sw)
				return sw.toString()
				]]>
		</script:script>
	</script:transformer>



	<mule-xml:xslt-transformer name="querytoinvoice">
		<mule-xml:xslt-text>
			<xsl:stylesheet version="2.0"
				xmlns:xsl="http://www.w3.org/1999/XSL/Transform" xmlns:xs="http://www.w3.org/2001/XMLSchema"
				xmlns:sfo="urn:sobject.partner.soap.sforce.com" xmlns:sf="urn:partner.soap.sforce.com"
				exclude-result-prefixes="xsl xs sfo sf">
				<xsl:output method="xml" omit-xml-declaration="yes" />


				<xsl:template match="sfo:queryresult">
					<create-invoice>
						<xsl:element name="customerid">
							<xsl:value-of select="sf:records/sfo:Account/sfo:AccountNumber" />
						</xsl:element>
						<datecreated>
							<!-- Its not possible to do this in the eclipse xslt runtime. -->
							<xsl:element name="year">
								<xsl:value-of select="year-from-date(current-date())" />
							</xsl:element>
							<xsl:element name="month">
								<xsl:value-of select="month-from-date(current-date())" />
							</xsl:element>
							<xsl:element name="day">
								<xsl:value-of select="day-from-date(current-date())" />
							</xsl:element>
						</datecreated>
						<datedue>
							<!-- Its not possible to do this in the eclipse xslt runtime. -->
							<xsl:element name="year">
								<xsl:value-of
									select="year-from-date(current-date()+xs:dayTimeDuration('P30D')) " />
							</xsl:element>
							<xsl:element name="month">
								<xsl:value-of
									select="month-from-date(current-date()+xs:dayTimeDuration('P30D')) " />
							</xsl:element>
							<xsl:element name="day">
								<xsl:value-of
									select="day-from-date(current-date()+xs:dayTimeDuration('P30D')) " />
							</xsl:element>
						</datedue>
						<invoiceitems>
							<xsl:for-each select="sf:records/sfo:OpportunityLineItems/sf:records">
								<lineitem>
									<xsl:element name="productcode">
										<xsl:value-of select="sfo:PricebookEntry/sfo:ProductCode"/>
									</xsl:element>
									<xsl:choose>
										<xsl:when test="sfo:Category__c = 'Subscription'">
											<accountlabel>4000</accountlabel>
										</xsl:when>
										<xsl:when test="sfo:Category__c = 'Training'">
											<accountlabel>4002</accountlabel>
										</xsl:when>
										<xsl:when test="sfo:Category__c = 'Consulting'">
											<accountlabel>4001</accountlabel>
										</xsl:when>
										<xsl:when test="sfo:Category__c = '1x Royalty'">
											<accountlabel>4004</accountlabel>
										</xsl:when>
										<xsl:otherwise>
											<accountlabel>4003</accountlabel>
										</xsl:otherwise>
									</xsl:choose>
									<xsl:element name="amount">
										<xsl:value-of select="sfo:UnitPrice*sfo:Quantity" />
									</xsl:element>
									<xsl:element name="quantity">
										<xsl:value-of select="sfo:Quantity" />
									</xsl:element>
									<xsl:element name="memo">
										<xsl:value-of select="sfo:PricebookEntry/sfo:Name" />
										<xsl:text> (Term: </xsl:text>
										<xsl:value-of select="sfo:Start_Date__c" />
										<xsl:text> - </xsl:text>
										<xsl:value-of select="sfo:End_Date__c" />
										<xsl:text>)</xsl:text>
									</xsl:element>
									<xsl:choose>
										<xsl:when test="sfo:Category__c = 'Subscription'">
											<revrectemplate>Monthly over contact term</revrectemplate>
										</xsl:when>
										<xsl:when test="sfo:Category__c = 'Training'">
											<revrectemplate>Training Prepaid</revrectemplate>
										</xsl:when>
										<xsl:when test="sfo:Category__c = 'Consulting'">
											<revrectemplate>Consulting Prepaid</revrectemplate>
										</xsl:when>
										<xsl:when test="sfo:Category__c = '1x Royalty'">
											<revrectemplate>Monthly over contact term</revrectemplate>
										</xsl:when>
										<xsl:otherwise>
											<accountlabel>Unknown</accountlabel>
										</xsl:otherwise>
									</xsl:choose>
									<xsl:element name="revrecstartdate">
										<xsl:element name="year">
											<xsl:value-of select="year-from-date(xs:date(sfo:Start_Date__c))" />
										</xsl:element>
										<xsl:element name="month">
											<xsl:value-of select="month-from-date(xs:date(sfo:Start_Date__c))" />
										</xsl:element>
										<xsl:element name="day">
											<xsl:value-of select="day-from-date(xs:date(sfo:Start_Date__c))" />
										</xsl:element>

									</xsl:element>
									<xsl:element name="revrecenddate">
										<xsl:element name="year">
											<xsl:value-of select="year-from-date(xs:date(sfo:End_Date__c))" />
										</xsl:element>
										<xsl:element name="month">
											<xsl:value-of select="month-from-date(xs:date(sfo:End_Date__c))" />
										</xsl:element>
										<xsl:element name="day">
											<xsl:value-of select="day-from-date(xs:date(sfo:End_Date__c))" />
										</xsl:element>
									</xsl:element>

									<!-- Albin: Hardcoded it is always sales according to Lisa. -->
									<locationid>300</locationid>
									<!-- Albin: Hardcoded it is always sales according to Lisa. -->
									<department>40</department>
								</lineitem>
							</xsl:for-each>
						</invoiceitems>
					</create-invoice>
				</xsl:template>


			</xsl:stylesheet>
		</mule-xml:xslt-text>
	</mule-xml:xslt-transformer>
	<mule-xml:xslt-transformer name="removens">
		<mule-xml:xslt-text>
			<xsl:stylesheet version="2.0"
				xmlns:xsl="http://www.w3.org/1999/XSL/Transform">
				<xsl:template xmlns:mc="http://www.mulesoft.org/schema/mule/core"
					match="mc:*">
					<xsl:element name="{local-name()}" namespace="">
						<xsl:apply-templates select="@* | node()" />
					</xsl:element>
				</xsl:template>
			</xsl:stylesheet>
		</mule-xml:xslt-text>
	</mule-xml:xslt-transformer>

</mule>
